Entity ID 1,Entity Name 1,Entity ID 2,Entity Name 2,Similarity
unknown-ai-image-generator-technology-developers,"Unknown AI image generator technology developers",unknown-ai-image-generator-technology-developer,"Unknown AI image generator technology developer",98.82
unspecified-large-language-model-developers,"Unspecified large language model developers",unspecified-large-language-model-developer,"Unspecified large language model developer",98.55
unknown-deepfake-technology-creators,"Unknown deepfake technology creators",unknown-deepfake-technology-creator,"Unknown deepfake technology creator",98.51
unknown-deepfake-technology-developers,"Unknown deepfake technology developers",unknown-deepfake-technology-developer,"Unknown deepfake technology developer",98.46
unknown-ai-voice-cloning-developer,"Unknown AI voice cloning developer",unknown-ai-voice-cloning-developers,"Unknown AI voice cloning developers",98.46
unknown-large-language-model-developers,"Unknown large language model developers",unknown-large-language-model-developer,"Unknown large language model developer",98.41
unspecified-large-language-models,"Unspecified large language models",unspecified-large-language-model,"Unspecified large language model",98.18
unknown-chatbot-developer,"Unknown chatbot developer",unknown-chatbot-developers,"Unknown chatbot developers",97.96
unknown-ai-image-generators,"Unknown AI image generators",unknown-ai-image-generator,"Unknown AI image generator",97.96
unnamed-deepfake-creators,"Unnamed deepfake creators",unnamed-deepfake-creator,"Unnamed deepfake creator",97.87
unknown-deepfake-creator,"Unknown deepfake creator",unknown-deepfake-creators,"Unknown deepfake creators",97.87
unknown-large-language-models,"Unknown large language models",unknown-large-language-model,"Unknown large language model",97.87
unknown-deepfake-tool,"Unknown deepfake tool",unknown-deepfake-tools,"Unknown deepfake tools",97.56
mount-sinai-hospitals,"Mount Sinai Hospitals",mount-sinai-hospital,"Mount Sinai Hospital",97.44
unnamed-male-students,"Unnamed male students",unnamed-male-student,"Unnamed male student",97.44
unknown-deepfake-app,"Unknown deepfake app",unknown-deepfake-apps,"Unknown deepfake apps",97.44
unknown-tiktok-user,"Unknown TikTok user",unknown-tiktok-users,"Unknown TikTok users",97.30
unknown-twitter-users,"Unknown Twitter users",unknown-twitter-user,"Unknown Twitter user",97.30
volodymyr-zelenskyy,"Volodymyr Zelenskyy",volodymyr-zelensky,"Volodymyr Zelensky",97.14
finland-national-bureau-of-investigation,"Finland National Bureau of Investigation",findland-national-bureau-of-investigation,"Findland National Bureau of Investigation",96.88
unknown-scammers,"Unknown scammers",unknown-scammer,"Unknown scammer",96.55
cruise-vehicles,"Cruise vehicles",cruise-vehicle,"Cruise vehicle",96.30
university-of-north-carolina-at-wilmington,"University of North Carolina at Wilmington",university-of-north-carolina-wilmington,"University of North Carolina Wilmington",96.10
extortionists,"Extortionists",sextortionists,"Sextortionists",96.00
residents-of-brookdale-facilities,"Residents of Brookdale facilities",families-of-residents-of-brookdale-facilities,"Families of residents of Brookdale facilities",95.38
randal-reid,"Randal Reid",randall-reid,"Randall Reid",95.24
ai-overviews,"AI Overviews",ai-overview,"AI Overview",95.24
female-facebook-users,"female Facebook users",male-facebook-users,"male Facebook users",94.74
iphone-face-id-users,"iPhone Face ID users",iphone-x-face-id-users,"iPhone X Face ID users",94.74
government,"Government",governments,"Governments",94.74
tiktok-young-users,"TikTok young users",young-tiktok-users,"young TikTok users",94.12
chatgpt-4,"ChatGPT 4",chatgpt-4o,"ChatGPT 4o",94.12
deepfake-generation-tools,"Deepfake generation tools",ai-deepfake-generation-tools,"AI deepfake generation tools",94.12
members-of-racial-minorities-who-may-have-experienced-the-same-result,"Members of racial minorities who may have experienced the same result",racial-minorities-who-may-have-experienced-the-same-result,"Racial minorities who may have experienced the same result",93.58
motorist,"Motorist",motorists,"Motorists",93.33
yoon-suk-yeol-campaign,"Yoon Suk-yeol Campaign",yoon-suk-yeol-campaign-team,"Yoon Suk-yeol campaign team",93.33
unknown-image-generator,"Unknown image generator",unknown-ai-image-generator,"Unknown AI image generator",93.33
students-of-corinth-school-district-in-mississippi,"Students of Corinth School District in Mississippi",families-of-students-of-corinth-school-district-in-mississippi,"Families of students of Corinth School District in Mississippi",93.18
unknown-deepfake-technology-developers,"Unknown deepfake technology developers",unknown-deepfake-detection-technology-developers,"Unknown deepfake detection technology developers",92.96
llmjacking-attackers-exploiting-laravel-2024,"LLMjacking Attackers Exploiting Laravel 2024",llmjacking-attackers-exploiting-laravel,"LLMjacking Attackers Exploiting Laravel",92.96
unnamed-victims-in-almendralego,"Unnamed victims in Almendralego",unnamed-victims-in-almendralejo,"Unnamed victims in Almendralejo",92.86
unknown-sydney-high-school-student,"Unknown Sydney high school student",unknown-sydney-area-high-school-student,"Unknown Sydney area high school student",92.54
university-of-illinois-students-of-color,"University of Illinois students of color",university-of-illinois-students,"University of Illinois students",92.31
unnamed-male-college-student,"unnamed male college student",unnamed-female-college-student,"unnamed female college student",92.31
center-for-geopolitical-expertise,"Center for Geopolitical Expertise",center-for-geopolitical-expertise-(cge),"Center for Geopolitical Expertise (CGE)",92.06
mcdonald's-customers,"McDonald's customers",mcdonalds-customers,"McDonalds Customers",91.89
gmail's-spam-filter,"Gmail's spam filter",gmx-mail's-spam-filter,"GMX Mail's spam filter",91.89
geisel-school-of-medicine's-accused-students,"Geisel School of Medicine's accused students",geisel-school-of-medicine's-students,"Geisel School of Medicine's students",91.67
japanese-generative-ai-companies,"Japanese generative AI companies",generative-ai-companies,"Generative AI companies",91.67
rite-customers-who-were-women,"Rite customers who were women",rite-aid-customers-who-were-women,"Rite Aid customers who were women",91.67
uk-ets-test-takers,"UK ETS test takers",uk-ets-past-test-takers,"UK ETS past test takers",91.43
unknown-deepfake-technology-developer,"Unknown deepfake technology developer",unknown-deepfake-detection-technology-developers,"Unknown deepfake detection technology developers",91.43
unknown-image-generator,"Unknown image generator",unknown-ai-image-generators,"Unknown AI image generators",91.30
alaska-educational-policymakers,"Alaska educational policymakers",alaskan-education-policymakers,"Alaskan education policymakers",91.23
j.f.-(adolescent-user-of-character.ai),"J.F. (adolescent user of Character.ai)",family-of-j.f.-(adolescent-user-of-character.ai),"Family of J.F. (adolescent user of Character.ai)",91.14
unnamed-south-gyeongsang-province-produce-distribution-center,"Unnamed South Gyeongsang province produce distribution center",unnamed-employee-of-south-gyeongsang-province-produce-distribution-center,"Unnamed employee of South Gyeongsang province produce distribution center",91.07
yoon-suk-yeol-campaign,"Yoon Suk-yeol Campaign",yoon-suk-yeol's-campaign,"Yoon Suk-yeol's campaign",90.91
new-york-city-police-department,"New York City Police Department",new-york-police-department,"New York Police Department",90.91
unknown-traffic-enforcement-camera-technology-developer,"Unknown traffic enforcement camera technology developer",unknown-traffic-enforcement-camera-technology,"Unknown traffic enforcement camera technology",90.70
guo-(surname-of-deepfake-scam-victim),"Guo (surname of deepfake scam victim)",friend-of-guo-(surname-of-deepfake-scam-victim),"Friend of Guo (surname of deepfake scam victim)",90.67
call-centers-in-the-philippines,"Call centers in the Philippines",call-center-workers-in-the-philippines,"Call center workers in the Philippines",90.63
albanians-in-the-united-kingdom,"Albanians in the United Kingdom",romanians-in-the-united-kingdom,"Romanians in the United Kingdom",90.57
tiktok-user-@e.news.tv,"TikTok user @e.news.tv",tiktok-user-@d.news.tv,"TikTok user  @d.news.tv",90.48
unnamed-male-students,"Unnamed male students",unnamed-female-students,"Unnamed female students",90.48
department-for-work-and-pensions,"Department for Work and Pensions",department-for-work-and-pensions-(dwp),"Department for Work and Pensions (DWP)",90.32
gladstone-park-secondary-college-students,"Gladstone Park Secondary College students",gladstone-park-secondary-college,"Gladstone Park Secondary College",90.32
hingham-high-school-student-rnh,"Hingham High School student RNH",hingham-high-school-students,"Hingham High School students",90.20
gmail-users,"Gmail Users",email-users,"email users",90.00
women-using-lensa-ai,"women using Lensa AI",asian-women-using-lensa-ai,"Asian women using Lensa AI",90.00
content-moderation-systems,"Content moderation systems",amazon-content-moderation-systems,"Amazon content moderation systems",89.80
general-public,"General public",uk-general-public,"UK general public",89.66
traffic-participants,"traffic participants",city-traffic-participants,"city traffic participants",89.47
facebook-messenger,"Facebook Messenger",facebook-messenger-users,"Facebook Messenger users",89.47
richmond-burton-community-high-school,"Richmond-Burton Community High School",richmond-burton-community-high-school-students,"Richmond-Burton Community High School students",89.47
department-of-families-fairness-and-housing,"Department of Families Fairness and Housing",employee-of-department-of-families-fairness-and-housing,"Employee of Department of Families Fairness and Housing",89.41
youtube-content-creators,"YouTube content creators",youtube-chess-content-creators,"YouTube chess content creators",89.36
unknown-deepfake-tools,"Unknown deepfake tools",unknown-deepfake-csam-tools,"Unknown deepfake CSAM tools",89.36
houston-independent-school-district-teachers,"Houston Independent School District teachers",houston-independent-school-district,"Houston Independent School District",89.23
women-depicted-in-deepfake-pornography,"Women depicted in deepfake pornography",minors-depicted-in-deepfake-pornography,"Minors depicted in deepfake pornography",89.23
united-states-department-of-education,"United States Department of Education",united-states-department-of-education-employees,"United States Department of Education employees",89.19
waverley-college-(sydney-australia),"Waverley College (Sydney, Australia)",waverley-college-(sydney-australia)-students,"Waverley College (Sydney, Australia) students",89.19
waverley-college-(sydney-australia),"Waverley College (Sydney, Australia)",waverley-college-(sydney-australia)-teachers,"Waverley College (Sydney, Australia) teachers",89.19
u.s.-department-of-housing-and-urban-development,"U.S. Department of Housing and Urban Development",department-of-housing-and-urban-development-(hud),"Department of Housing and Urban Development (HUD)",89.16
youtube-male-users,"YouTube male users",youtube-young-male-users,"YouTube young male users",88.89
youtube-young-users,"YouTube young users",youtube-young-male-users,"YouTube young male users",88.89
american-patients,"American patients",african-american-patients,"African-American patients",88.89
non-cheating-students,"non-cheating students",cheating-students,"cheating students",88.89
fuzhou-zhongfang-marlboro-mall,"Fuzhou Zhongfang Marlboro Mall",fuzhou-zhongfang-marlboro-mall-goers,"Fuzhou Zhongfang Marlboro Mall goers",88.89
spanish-ministry-of-interior,"Spanish Ministry  of  Interior",spanish-interior-ministry,"Spanish Interior Ministry",88.89
gpt-4,"GPT-4",gpt-4o,"GPT-4o",88.89
unknown-ai-developers,"Unknown AI developers",unknown-developer,"Unknown developer",88.89
cybercriminals,"Cybercriminals",cyber-criminals,"Cyber criminals",88.89
unknown-developer,"Unknown developer",unknown-llm-developer,"Unknown LLM developer",88.89
xide-county-in-sichuan-residents,"Xide County in Sichuan residents",muli-county-in-sichuan-residents,"Muli County in Sichuan residents",88.89
shang-moumou,"Shang Moumou",zhang-moumou,"Zhang Moumou",88.89
victims-of-deepfake-abuse,"Victims of deepfake abuse",victims-of-deepfake-child-abuse,"Victims of deepfake child abuse",88.89
inflection-pi,"Inflection Pi",inflection-ai-pi,"Inflection AI Pi",88.89
unspecified-large-language-model-developer,"Unspecified large language model developer",unspecified-large-language-model,"Unspecified large language model",88.52
violet-(coochie-doctor-trend),"Violet (Coochie Doctor trend)",creator-of-violet-(coochie-doctor-trend),"Creator of Violet (Coochie Doctor trend)",88.52
pti-(pakistan-tehreek-e-insaf),"PTI (Pakistan Tehreek-e-Insaf)",pakistan-tehreek-e-insaf,"Pakistan Tehreek-e-Insaf",88.46
tiktok-male-teenager-users,"TikTok male teenager users",tiktok-teenage-users,"TikTok teenage users",88.37
american-government,"American government",african-governments,"African governments",88.24
unknown-deepfake,"Unknown deepfake",unknown-deepfake-app,"Unknown deepfake app",88.24
unknown-generative-ai-tools-creators,"Unknown generative AI tools creators",unknown-generative-ai-tools,"Unknown generative AI tools",88.14
united-states-department-of-education,"United States Department of Education",united-states-department-of-state,"United States Department of State",88.14
jeremy-banner,"Jeremy Banner",jeremy-beren-banner,"Jeremy Beren Banner",88.00
oleg-yasinskiy,"Oleg Yasinskiy",oleg-yasinsky,"Oleg Yasinsky",88.00
general-public-of-thailand,"General public of Thailand",general-public-in-thailand,"General public in Thailand",88.00
designers-and-developers-using-figma,"Designers and developers using Figma",designers-and-developers-using-figma's-ai-tool,"Designers and developers using Figma’s AI tool",87.88
unnamed-female-students,"Unnamed female students",unnamed-male-student,"Unnamed male student",87.80
generative-ai-tools,"Generative AI tools",generative-ai-fraud-tools,"Generative AI fraud tools",87.80
ministry-of-security-of-argentina,"Ministry of Security of Argentina",argentinean-ministry-of-security,"Argentinean Ministry of Security",87.72
unknown-large-language-model-developers,"Unknown large language model developers",large-language-model-developers,"Large language model developers",87.72
applicants-for-fast-food-jobs,"applicants for fast food jobs",fast-food-job-applicants,"fast food job applicants",87.50
ai-models,"AI models",yi-models,"Yi models",87.50
jennifer-aniston,"Jennifer Aniston",jennifer-aniston-fans,"Jennifer Aniston fans",87.50
wang-mouhe,"Wang Mouhe",wang-mou,"Wang Mou",87.50
grandparents-targeted-by-canadian-fraud-ring,"Grandparents targeted by Canadian fraud ring",families-of-grandparents-targeted-by-canadian-fraud-ring,"Families of grandparents targeted by Canadian fraud ring",87.36
pinecrest-academy-horizon-students,"Pinecrest Academy Horizon students",pinecrest-academy-horizon,"Pinecrest Academy Horizon",87.27
falsely-accused-finals-attendants,"falsely accused Finals attendants",falsely-accused-finals-attendees,"falsely accused Finals attendees",87.27
deepfake-generation-tools,"Deepfake generation tools",unknown-deepfake-generation-tools,"Unknown deepfake generation tools",87.27
finance-professionals,"Finance professionals",financial-professionals,"Financial professionals",87.18
apple-intelligence-users,"Apple Intelligence users",apple-intelligence,"Apple Intelligence",87.18
unspecified-large-language-model-developers,"Unspecified large language model developers",unspecified-large-language-model,"Unspecified large language model",87.10
unspecified-large-language-models,"Unspecified large language models",unspecified-large-language-model-developer,"Unspecified large language model developer",87.10
lgbtq-people,"LGBTQ people",lgbtq+-people,"LGBTQ+ people",86.96
researchers,"Researchers",ai-researchers,"AI researchers",86.96
uk-home-office,"UK Home Office",home-office,"Home Office",86.96
google-home-mini-users,"Google Home Mini users",black-google-home-mini-users,"Black Google Home Mini users",86.96
small-businesses-on-facebook,"small businesses on Facebook",businesses-on-facebook,"businesses on Facebook",86.96
ukrainian-social-media-users,"Ukrainian social media users",indian-social-media-users,"Indian social media users",86.96
new-zealand,"New Zealand",new-zealanders,"New Zealanders",86.96
new-zealand,"New Zealand",bp-new-zealand,"BP New Zealand",86.96
nathan-dennis-white's-family,"Nathan Dennis White's family",nathan-white's-family,"Nathan White's family",86.96
unknown-deepfake-tool,"Unknown deepfake tool",unknown-deepfake-csam-tools,"Unknown deepfake CSAM tools",86.96
unknown-deepfake-technology-apps,"Unknown deepfake technology apps",deepfake-technology-apps,"Deepfake technology apps",86.79
german-federal-election-integrity,"German federal election integrity",german-election-integrity,"German election integrity",86.79
facebook-users,"Facebook users",black-facebook-users,"Black Facebook users",86.67
american-patients-of-minority-groups,"American patients of minority groups",patients-of-minority-groups,"patients of minority groups",86.67
african-american-voters,"African-American voters",american-voters,"American voters",86.67
tenants-in-canada,"Tenants in Canada",renters-in-canada,"Renters in Canada",86.67
unknown-voice-cloning-technology,"Unknown voice cloning technology",unknown-voice-cloning-technology-developer,"Unknown voice cloning technology developer",86.57
social-media-users,"social media users",indian-social-media-users,"Indian social media users",86.49
microsoft-copilot-users,"Microsoft Copilot users",microsoft-copilot,"Microsoft Copilot",86.49
healthcare-providers,"healthcare providers",covid-19-healthcare-providers,"COVID-19 healthcare providers",86.36
detroit-police-department,"Detroit Police Department",troy-police-department,"Troy Police Department",86.36
american-social-media-users,"American social media users",indian-social-media-users,"Indian social media users",86.36
unnamed-male-college-student,"unnamed male college student",unnamed-male-student,"Unnamed male student",86.36
general-public-of-ukraine,"General public of Ukraine",general-public-of-spain,"General public of Spain",86.36
people-with-disabilities,"people with disabilities",korean-people-with-disabilities,"Korean people with disabilities",86.27
unknown-voice-cloning-technology,"Unknown voice cloning technology",voice-cloning-technology,"Voice cloning technology",86.27
uk-department-of-work-and-pensions,"UK Department of Work and Pensions",department-for-work-and-pensions,"Department for Work and Pensions",86.21
california-bar-exam-takers,"California bar exam takers",flagged-california-bar-exam-takers,"flagged California bar exam takers",86.21
ai-deepfake-generation-tools,"AI deepfake generation tools",unknown-deepfake-generation-tools,"Unknown deepfake generation tools",86.21
kambala-(sydney-australia),"Kambala (Sydney, Australia)",kambala-(sydney-australia)-students,"Kambala (Sydney, Australia) students",86.21
true-crime-case-files-youtube-channel,"True Crime Case Files YouTube channel",viewers-of-true-crime-case-files-youtube-channel,"Viewers of True Crime Case Files YouTube channel",86.11
unknown-facial-recognition-system-developer,"Unknown facial recognition system developer",unknown-facial-recognition-system,"Unknown facial recognition system",86.11
amazon-customers,"Amazon Customers",amazon-echo-customers,"Amazon Echo customers",85.71
youtube-male-users,"YouTube male users",youtube-users,"YouTube users",85.71
youtube-young-users,"YouTube young users",youtube-users,"YouTube users",85.71
glovo,"Glovo",lovo,"Lovo",85.71
korean-facebook-messenger-users,"Korean Facebook Messenger users",facebook-messenger-users,"Facebook Messenger users",85.71
new-sources,"New Sources",news-sources,"News sources",85.71
unnamed-female-college-student,"unnamed female college student",unnamed-female-students,"Unnamed female students",85.71
high-school-students,"high school students",aledo-high-school-students,"Aledo High School students",85.71
high-school-students,"high school students",hingham-high-school-students,"Hingham High School students",85.71
playground,"Playground",playground-ai,"Playground AI",85.71
chatgpt,"ChatGPT",chatgpt-4,"ChatGPT 4",85.71
bulgarians-in-the-united-kingdom,"Bulgarians in the United Kingdom",romanians-in-the-united-kingdom,"Romanians in the United Kingdom",85.71
joanna-gaines,"Joanna Gaines",joanna-gaines-fans,"Joanna Gaines fans",85.71
iranian-government,"Iranian government",ukrainian-government,"Ukrainian government",85.71
unknown-deepfake-creators,"Unknown deepfake creators",unknown-deepfake-creators-in-malta,"Unknown deepfake creators in Malta",85.71
perplexity,"Perplexity",perplexity.ai,"Perplexity.ai",85.71
perplexity,"Perplexity",perplexity-ai,"Perplexity AI",85.71
inflection,"Inflection",inflection-pi,"Inflection Pi",85.71
unknown-deepfake,"Unknown deepfake",unknown-deepfake-tool,"Unknown deepfake tool",85.71
unknown-deepfake,"Unknown deepfake",unknown-deepfake-apps,"Unknown deepfake apps",85.71
x-users,"X users",gmx-users,"GMX users",85.71
unspecified-large-language-model-developers,"Unspecified large language model developers",unspecified-large-language-models,"Unspecified large language models",85.71
tang-mou,"Tang Mou",wang-mou,"Wang Mou",85.71
unknown-large-language-model-developer,"Unknown large language model developer",large-language-model-developers,"Large language model developers",85.71
general-public-of-italy,"General public of Italy",general-public-of-malta,"General public of Malta",85.71
students-at-a-high-school-in-athens,"Students at a high school in Athens",families-of-students-at-a-high-school-in-athens,"Families of students at a high school in Athens",85.71
elderly-individuals,"Elderly individuals",elderly-individuals-in-china,"Elderly individuals in China",85.71
large-language-model-developers,"Large language model developers",unnamed-large-language-model-developer,"Unnamed large language model developer",85.71
california-community-colleges,"California community colleges",california-community-college-faculty,"California community college faculty",85.71
teachers-at-charlotte-mecklenburg-schools,"teachers at Charlotte Mecklenburg Schools",students-at-charlotte-mecklenburg-schools,"students at Charlotte Mecklenburg Schools",85.33
florida-state-facial-recognition-system,"Florida state facial recognition system",statewide-facial-recognition-systems,"Statewide facial recognition systems",85.29
federal-navy-credit-union,"Federal Navy Credit Union",federal-navy-credit-union-customers,"Federal Navy Credit Union Customers",85.19
unknown-large-language-model-developer,"Unknown large language model developer",unknown-large-language-model,"Unknown large language model",85.19
unnamed-large-language-model-developer,"Unnamed large language model developer",unnamed-large-language-model,"Unnamed large language model",85.19
palestinian-social-media-users,"Palestinian social media users",indian-social-media-users,"Indian social media users",85.11
yoon-suk-yeol-campaign-team,"Yoon Suk-yeol campaign team",yoon-suk-yeol's-campaign,"Yoon Suk-yeol's campaign",85.11
election-integrity,"Election integrity",german-election-integrity,"German election integrity",85.00
italian-general-public,"Italian general public",australian-general-public,"Australian general public",85.00
gladstone-park-secondary-college-students,"Gladstone Park Secondary College students",families-of-gladstone-park-secondary-college-students,"Families of Gladstone Park Secondary College students",85.00
political-entities-targeted-by-deepfakes,"Political entities targeted by deepfakes",political-candidates-targeted-by-deepfakes,"Political candidates targeted by deepfakes",84.93
tiktok-content-creators,"TikTok content creators",content-creators,"Content creators",84.85
unknown-tiktok-users-from-china,"Unknown TiKTok users from China",unknown-tiktok-users-from-iran,"Unknown TikTok users from Iran",84.75
kambala-(sydney-australia),"Kambala (Sydney, Australia)",kambala-(sydney-australia)-teachers,"Kambala (Sydney, Australia) teachers",84.75
google-users,"Google users",google-lens-users,"Google Lens users",84.62
tiktok-users,"TikTok users",tiktok-new-users,"TikTok new users",84.62
nyc-black-people,"NYC Black people",black-people,"Black people",84.62
developers-of-ai-based-accessibility-tools,"Developers of AI-based accessibility tools",blind-users-of-ai-based-accessibility-tools,"Blind users of AI-based accessibility tools",84.62
generative-ai-companies,"Generative AI companies",unnamed-generative-ai-companies,"Unnamed generative AI companies",84.62
unnamed-male-college-student,"unnamed male college student",unnamed-male-students,"Unnamed male students",84.44
unknown-chinese-tiktok-users,"Unknown Chinese TikTok users",unknown-tiktok-users,"Unknown TikTok users",84.44
general-public-of-armenia,"General public of Armenia",general-public-of-nigeria,"General public of Nigeria",84.44
university-of-north-carolina-wilmington,"University of North Carolina Wilmington",university-of-north-carolina,"University of North Carolina",84.38
amazon-warehouse-workers,"Amazon warehouse workers",warehouse-workers,"Warehouse Workers",84.21
pseudonymized-psychiatrist,"pseudonymized psychiatrist",pseudonymized-psychiatrist's-patients,"pseudonymized psychiatrist's patients",84.21
coffee-meets-bagel-users,"Coffee Meets Bagel users",coffee-meets-bagel,"Coffee Meets Bagel",84.21
unnamed-woman-passenger,"unnamed woman passenger",unnamed-passenger,"unnamed passenger",84.21
chicago-residents,"Chicago Residents",black-chicago-residents,"Black Chicago residents",84.21
unnamed-palestinian-facebook-user,"unnamed Palestinian Facebook user",palestinian-facebook-users,"Palestinian Facebook users",84.21
troy-police-department,"Troy Police Department",police-departments,"Police departments",84.21
miami-police-department,"Miami Police Department",police-departments,"Police departments",84.21
journalists,"Journalists",journalism,"Journalism",84.21
bulgarians-in-the-united-kingdom,"Bulgarians in the United Kingdom",albanians-in-the-united-kingdom,"Albanians in the United Kingdom",84.21
ecovacs-deebot-x2,"Ecovacs Deebot X2",ecovacs-deebot-x2-users,"Ecovacs Deebot X2 users",84.21
unidentified-storm-2139-actor-from-illinois,"Unidentified Storm-2139 actor from Illinois",unidentified-storm-2139-actor-from-florida,"Unidentified Storm-2139 actor from Florida",84.21
bloomberg,"Bloomberg",bloomberggpt,"BloombergGPT",84.21
loveable-ai,"Loveable AI",lovable-ai,"Lovable AI",84.21
microsoft-azure-openai-service,"Microsoft Azure OpenAI Service",microsoft-azure-services,"Microsoft Azure services",84.00
facebook-users,"Facebook users",male-facebook-users,"male Facebook users",83.87
stack-overflow,"Stack Overflow",stack-overflow-users,"Stack Overflow users",83.87
unknown-deepfake-technology-developer,"Unknown deepfake technology developer",unknown-deepfake-technology-apps,"Unknown deepfake technology apps",83.87
european-union-general-public,"European Union general public",general-public-of-the-european-union,"General public of the European Union",83.87
unknown-tiktok-users-from-china,"Unknown TiKTok users from China",unknown-tiktok-users-from-vietnam,"Unknown TikTok users from Vietnam",83.87
florida-department-of-corrections,"Florida Department of Corrections",georgia-department-of-corrections,"Georgia Department of Corrections",83.87
educational-institutions,"Educational institutions",turkish-educational-institutions,"Turkish educational institutions",83.72
general-public-of-germany,"General public of Germany",general-public-of-malta,"General public of Malta",83.72
general-public-of-germany,"General public of Germany",general-public-of-kenya,"General public of Kenya",83.72
san-francisco-police-department,"San Francisco Police Department",san-francisco-fire-department,"San Francisco Fire Department",83.64
facebook-users-in-gardening-groups,"Facebook users in gardening groups",gardening-facebook-groups,"gardening Facebook groups",83.64
pashto-speaking-asylum-seekers,"Pashto-speaking asylum seekers",dari-speaking-asylum-seekers,"Dari-speaking asylum seekers",83.64
unknown-deepfake-creator,"Unknown deepfake creator",unknown-deepfake-creators-in-malta,"Unknown deepfake creators in Malta",83.64
prince-george's-county-students,"Prince George's County students",prince-george's-county-parents,"Prince George's County parents",83.64
unknown-large-language-model-developers,"Unknown large language model developers",unknown-large-language-model,"Unknown large language model",83.64
unknown-large-language-models,"Unknown large language models",unknown-large-language-model-developer,"Unknown large language model developer",83.64
oregon-department-of-human-services,"Oregon Department of Human Services",arkansas-department-of-human-services,"Arkansas Department of Human Services",83.58
unknown-deepfake-technology-developers,"Unknown deepfake technology developers",unnamed-deepfake-technology-developers,"Unnamed deepfake technology developers",83.58
mountain-view-municipal-bus-passengers,"Mountain View municipal bus passengers",mountain-view-municipal-bus,"Mountain View municipal bus",83.33
amazon-customers,"Amazon Customers",amazon-customers-in-india,"Amazon customers in India",83.33
youtube-content-creators,"YouTube content creators",youtube-creators,"YouTube creators",83.33
nyc-black-young-people,"NYC Black young people",nyc-black-people,"NYC Black people",83.33
apple-maps-users,"Apple Maps users",apple-users,"Apple users",83.33
runway,"Runway",runwayml,"RunwayML",83.33
randal-reid,"Randal Reid",randal-quran-reid,"Randal Quran Reid",83.33
gptzero,"GPTZero",zerogpt,"ZeroGPT",83.33
state-governments,"State governments",iowa-state-government,"Iowa state government",83.33
indonesian-electorate,"Indonesian electorate",indian-electorate,"Indian electorate",83.33
philippines,"Philippines",cnn-philippines,"CNN Philippines",83.33
perplexity.ai,"Perplexity.ai",perplexity-ai,"Perplexity AI",83.33
unknown-deepfake,"Unknown deepfake",unknown-deepfake-tools,"Unknown deepfake tools",83.33
unknown-tiktok-users-from-iran,"Unknown TikTok users from Iran",unknown-tiktok-users-from-nigeria,"Unknown TikTok users from Nigeria",83.33
unspecified-large-language-model-developers,"Unspecified large language model developers",large-language-model-developers,"Large language model developers",83.33
alex-morgan,"Alex Morgan",alex-morgan-fans,"Alex Morgan fans",83.33
government-of-france,"Government of France",government-of-iran,"Government of Iran",83.33
digital-afterlife-industry,"Digital afterlife industry",digital-afterlife-industry-technology,"Digital afterlife industry technology",83.33
generative-ai-systems,"Generative AI systems",unknown-generative-ai-systems,"Unknown generative AI systems",83.33
claude-3,"Claude 3",claude,"Claude",83.33
llama-3,"Llama 3",llama-2,"Llama 2",83.33
unknown-scammers-impersonating-joseph-muscat,"Unknown scammers impersonating Joseph Muscat",unknown-scammers-impersonating-fat-joe,"Unknown scammers impersonating Fat Joe",83.33
unknown-license-plate-recognition-developer,"Unknown license plate recognition developer",unknown-license-plate-recognition-technology,"Unknown license plate recognition technology",83.12
facebook-users-in-plymouth-hoe,"Facebook users in Plymouth Hoe",facebook-users-posting-about-plymouth-hoe,"Facebook users posting about Plymouth Hoe",83.08
unspecified-large-language-model-developer,"Unspecified large language model developer",unnamed-large-language-model-developer,"Unnamed large language model developer",83.08
lalani-erika-renee-walton's-family,"Lalani Erika Renee Walton's family",lalani-erika-renee-walton,"Lalani Erika Renee Walton",83.02
jewish-public-figures,"Jewish public figures",british-public-figures,"British public figures",82.93
italian-general-public,"Italian general public",ukrainian-general-public,"Ukrainian general public",82.93
unknown-large-language-models,"Unknown large language models",large-language-models,"Large language models",82.93
waverley-college-(sydney-australia)-students,"Waverley College (Sydney, Australia) students",waverley-college-(sydney-australia)-teachers,"Waverley College (Sydney, Australia) teachers",82.93
unknown-voice-cloning-technology-developer,"Unknown voice cloning technology developer",unknown-ai-voice-cloning-developer,"Unknown AI voice cloning developer",82.86
facebook-users-speaking-swahili,"Facebook users speaking Swahili",facebook-users-speaking-english,"Facebook users speaking English",82.76
zillow-offers-staff,"Zillow Offers staff",zillow-offers,"Zillow Offers",82.76
replika-male-users,"Replika male users",replika-users,"Replika users",82.76
pasco-residents,"Pasco residents",frisco-residents,"Frisco residents",82.76
covid-patients,"COVID patients",covid-19-patients,"COVID-19 patients",82.76
rite-aid-customers-who-were-women,"Rite Aid customers who were women",rite-aid-customers-who-were-minorities,"Rite Aid customers who were minorities",82.76
lainey-wilson,"Lainey Wilson",lainey-wilson-fans,"Lainey Wilson fans",82.76
unknown-deepfake-creators,"Unknown deepfake creators",unknown-deepfake-technology-creators,"Unknown deepfake technology creators",82.76
justin-bieber,"Justin Bieber",justin-bieber-fans,"Justin Bieber fans",82.76
deepfake-generation-tools,"Deepfake generation tools",unidentified-deepfake-generation-tools,"Unidentified deepfake generation tools",82.76
california-community-colleges,"California community colleges",california-community-college-students,"California community college students",82.76
local-law-enforcement-officers,"local law enforcement officers",local-law-enforcement,"Local law enforcement",82.61
california-residents,"California residents",southern-california-residents,"Southern California residents",82.61
arriani-jaileen-arroyo,"Arriani Jaileen Arroyo",arriani-jaileen-arroyo's-family,"Arriani Jaileen Arroyo's family",82.61
vanderbilt-university,"Vanderbilt University",vanderbilt-university-students,"Vanderbilt University students",82.61
british-royal-family,"British Royal Family",british-royal-family's-staff,"British Royal Family's staff",82.61
russia-linked-network,"Russia-linked network",russian-linked-scam-network,"Russian-linked scam network",82.61
general-public-of-australia,"General public of Australia",general-public-of-armenia,"General public of Armenia",82.61
unknown-deepfake-technology-developers,"Unknown deepfake technology developers",unknown-deepfake-technology-apps,"Unknown deepfake technology apps",82.54
unknown-deepfake-technology-creator,"Unknown deepfake technology creator",unknown-deepfake-technology-apps,"Unknown deepfake technology apps",82.54
students,"students",us-students,"US students",82.35
twitch-content-creators,"Twitch content creators",content-creators,"Content creators",82.35
mcdonald's,"McDonald's",mcdonalds,"McDonalds",82.35
tumblr-content-creators,"Tumblr content creators",content-creators,"Content creators",82.35
palestinian-social-media-users,"Palestinian social media users",ukrainian-social-media-users,"Ukrainian social media users",82.35
university-of-illinois-students,"University of Illinois students",university-of-illinois,"University of Illinois",82.35
lgbtq-people-of-color,"LGBTQ people of color",people-of-color,"People of color",82.35
people-having-non-midwestern-american-accent,"people having non-Midwestern-American accent",call-center-agents-having-non-midwestern-american-accent,"call center agents having non-Midwestern-American accent",82.35
small-businesses-in-india,"small businesses in India",small-businesses,"small businesses",82.35
nohemi-gonzalez,"Nohemi Gonzalez",nohemi-gonzalez-family,"Nohemi Gonzalez family",82.35
female-content-creators,"female content creators",content-creators,"Content creators",82.35
eu-citizens,"EU Citizens",citizens,"Citizens",82.35
western-australia-department-of-justice,"Western Australia Department of Justice",western-australia-department-of-justice-senior-staff-members,"Western Australia Department of Justice senior staff members",82.35
yang-moumou,"Yang Moumou",shang-moumou,"Shang Moumou",82.35
yang-moumou,"Yang Moumou",zhang-moumou,"Zhang Moumou",82.35
dream-unlimited,"Dream Unlimited",dream-unlimited-corp.,"Dream Unlimited Corp.",82.35
michigan-state-facial-recognition-system,"Michigan state facial recognition system",statewide-facial-recognition-systems,"Statewide facial recognition systems",82.35
clothoff.io,"Clothoff.io",clothoff,"Clothoff",82.35
j.f.-(texas-teen),"J.F. (Texas teen)",j.f.-(texas-teenager),"J.F. (Texas teenager)",82.35
captions,"Captions",captions-ai,"Captions AI",82.35
geisel-school-of-medicine,"Geisel School of Medicine",geisel-school-of-medicine's-students,"Geisel School of Medicine's students",82.14
japanese-generative-ai-companies,"Japanese generative AI companies",unnamed-generative-ai-companies,"Unnamed generative AI companies",82.14
unknown-deepfake-creator,"Unknown deepfake creator",unknown-deepfake-technology-creator,"Unknown deepfake technology creator",82.14
unknown-chinese-tiktok-users,"Unknown Chinese TikTok users",unknown-tiktok-users-from-china,"Unknown TiKTok users from China",82.14
unknown-large-language-model-developers,"Unknown large language model developers",unknown-large-language-models,"Unknown large language models",82.14
unknown-ai-news-platform-developer,"Unknown AI news platform developer",unknown-ai-news-platform,"Unknown AI news platform",82.14
underrepresented-groups,"underrepresented groups",underrepresented-genders,"Underrepresented genders",82.05
social-media-users,"social media users",american-social-media-users,"American social media users",82.05
amazon-delivery-drivers,"Amazon delivery drivers",amazon-delivery-workers,"Amazon delivery workers",82.05
twitter-non-male-users,"Twitter non-male users",twitter-non-white-users,"Twitter non-white users",82.05
italian-general-public,"Italian general public",yunnan-general-public,"Yunnan general public",82.05
italian-general-public,"Italian general public",sichuan-general-public,"Sichuan general public",82.05
unknown-deepfake-tool,"Unknown deepfake tool",unknown-deepfake-app,"Unknown deepfake app",82.05
unknown-voice-cloning-technology-developer,"Unknown voice cloning technology developer",various-voice-cloning-technology-developers,"Various voice cloning technology developers",82.05
unknown-tiktok-users-from-china,"Unknown TiKTok users from China",unknown-tiktok-users-from-nigeria,"Unknown TikTok users from Nigeria",81.97
unknown-tiktok-users-from-iran,"Unknown TikTok users from Iran",unknown-tiktok-users-from-vietnam,"Unknown TikTok users from Vietnam",81.97
ai-deepfake-generation-tools,"AI deepfake generation tools",unidentified-deepfake-generation-tools,"Unidentified deepfake generation tools",81.97
security-officers-at-charlotte-mecklenburg-schools,"security officers at Charlotte Mecklenburg Schools",teachers-at-charlotte-mecklenburg-schools,"teachers at Charlotte Mecklenburg Schools",81.93
communities-of-color,"communities of color",california-communities-of-color,"California communities of color",81.82
aurora-police-department,"Aurora Police Department",troy-police-department,"Troy Police Department",81.82
passengers,"Passengers",bus-passengers,"bus passengers",81.82
interviewers-of-remote-work-positions,"interviewers of remote-work positions",employers-of-remote-work-positions,"employers of remote-work positions",81.82
nathan-dennis-white,"Nathan Dennis White",nathan-dennis-white's-family,"Nathan Dennis White's family",81.82
durham-police-department,"Durham Police Department",miami-police-department,"Miami Police Department",81.82
minority-communities,"minority communities",chicago-minority-communities,"Chicago Minority Communities",81.82
unnamed-high-school-students,"unnamed high school students",high-school-students,"high school students",81.82
law-professors,"law professors",professors,"Professors",81.82
unnamed-deepfake-technology-developers,"Unnamed deepfake technology developers",unknown-deepfake-technology-developer,"Unknown deepfake technology developer",81.82
unknown-political-operatives,"Unknown political operatives",political-operatives,"Political operatives",81.82
department-of-state,"Department of State",united-states-department-of-state,"United States Department of State",81.82
australian-general-public,"Australian general public",general-public-of-australia,"General public of Australia",81.82
unknown-tiktok-user,"Unknown TikTok user",unknown-chinese-tiktok-users,"Unknown Chinese TikTok users",81.82
unspecified-large-language-model-developers,"Unspecified large language model developers",unnamed-large-language-model-developer,"Unnamed large language model developer",81.82
ai-developers,"AI developers",ai-developr,"AI developr",81.82
gemini-1.5-pro,"Gemini 1.5 Pro",gemini-pro,"Gemini Pro",81.82
unnamed-generative-ai-tools,"Unnamed generative AI tools",generative-ai-tools,"Generative AI tools",81.82
generative-ai-tools,"Generative AI tools",unknown-generative-ai-tools,"Unknown generative AI tools",81.82
generative-ai-tools,"Generative AI tools",various-generative-ai-tools,"Various generative AI tools",81.82
ai-deepfake-technology,"AI deepfake technology",deepfake-technology-apps,"Deepfake technology apps",81.82
general-public-of-kenya,"General public of Kenya",general-public-of-turkey,"General public of Turkey",81.82
general-public-of-china,"General public of China",general-public-of-ukraine,"General public of Ukraine",81.82
general-public-of-china,"General public of China",general-public-of-spain,"General public of Spain",81.82
unknown-voice-cloning-technology-developer,"Unknown voice cloning technology developer",unknown-ai-voice-cloning-developers,"Unknown AI voice cloning developers",81.69
unknown-ai-developers,"Unknown AI developers",unknown-ai-analytics-developers,"Unknown AI analytics developers",81.63
unknown-ai-developers,"Unknown AI developers",unknown-generative-ai-developers,"Unknown generative AI developers",81.63
google-users,"Google users",google-docs-users,"Google Docs users",81.48
google-users,"Google users",google-drive-users,"Google Drive users",81.48
amazon-users,"Amazon users",amazon-echo-users,"Amazon Echo users",81.48
tiktok-users,"TikTok users",tiktok-male-users,"TikTok male users",81.48
stability-ai,"Stability AI",stability-ai-inc.,"Stability AI Inc.",81.48
stability-ai,"Stability AI",stability-ai-ltd.,"Stability AI Ltd.",81.48
ron-desantis's-presidential-campaign,"Ron DeSantis's presidential campaign",biden-presidential-campaign,"Biden presidential campaign",81.48
taylor-swift-fans,"Taylor Swift fans",taylor-swift,"Taylor Swift",81.48
selena-gomez-fans,"Selena Gomez fans",selena-gomez,"Selena Gomez",81.48
ree-drummond,"Ree Drummond",ree-drummond-fans,"Ree Drummond fans",81.48
character.ai,"Character.AI",character.ai-users,"Character.AI users",81.48
unknown-ai-graphic-tool-developer,"Unknown AI graphic tool developer",unknown-ai-graphic-tool,"Unknown AI graphic tool",81.48
unspecified-large-language-model-developer,"Unspecified large language model developer",large-language-model-developers,"Large language model developers",81.36
black-students,"Black students",pasco-black-students,"Pasco Black students",81.25
natural-cycles,"Natural Cycles",natural-cycles-users,"Natural Cycles users",81.25
local-law-enforcement,"Local law enforcement",law-enforcement,"Law enforcement",81.25
general-public,"General public",italian-general-public,"Italian general public",81.25
general-public,"General public",french-general-public,"French general public",81.25
general-public,"General public",alaska-general-public,"Alaska general public",81.25
unknown-deepfake-technology-creators,"Unknown deepfake technology creators",unknown-deepfake-technology-apps,"Unknown deepfake technology apps",81.25
victims-of-romance-scams-in-singapore,"Victims of romance scams in Singapore",victims-of-romance-scams-in-malaysia,"Victims of romance scams in Malaysia",81.25
international-criminal-court-investigators,"International Criminal Court investigators",international-court-of-justice-investigators,"International Court of Justice investigators",81.16
oregon-department-of-human-services,"Oregon Department of Human Services",australian-department-of-human-services,"Australian Department of Human Services",81.16
ukrainian-public,"Ukrainian public",ukrainian-general-public,"Ukrainian general public",81.08
twitter-users-of-small-language-groups,"Twitter users of small language groups",facebook-users-of-small-language-groups,"Facebook users of small language groups",81.08
state-governments,"State governments",idaho-state-government,"Idaho state government",81.08
trump-supporters,"Trump supporters",donald-trump-supporters,"Donald Trump supporters",81.08
troy-police-department,"Troy Police Department",miami-police-department,"Miami Police Department",80.95
new-jersey-transit,"New Jersey Transit",new-jersey-transit-passengers,"New Jersey Transit passengers",80.95
general-public-of-italy,"General public of Italy",general-public-of-kenya,"General public of Kenya",80.95
general-public-of-malta,"General public of Malta",general-public-of-kenya,"General public of Kenya",80.95
large-language-models,"Large language models",users-of-large-language-models,"Users of large language models",80.95
unnamed-south-gyeongsang-province-produce-plant,"Unnamed South Gyeongsang province produce plant",unnamed-south-gyeongsang-province-produce-distribution-center,"Unnamed South Gyeongsang province produce distribution center",80.90
facebook-content-creators,"Facebook content creators",facebook-content-moderators,"Facebook content moderators",80.85
texas-aandm-university,"Texas A&M University",texas-aandm-university-students,"Texas A&M University students",80.85
oakland-police-department,"Oakland Police Department",atlanta-police-department,"Atlanta Police Department",80.85
generative-ai-systems,"Generative AI systems",unnamed-generative-ai-system,"Unnamed generative AI system",80.85
general-public-of-arizona,"General public of Arizona",general-public-of-armenia,"General public of Armenia",80.85
american-social-media-users,"American social media users",social-media-users-in-latin-america,"Social media users in Latin America",80.77
greeks-in-the-united-kingdom,"Greeks in the United Kingdom",romanians-in-the-united-kingdom,"Romanians in the United Kingdom",80.77
unknown-deepfake-tools,"Unknown deepfake tools",unknown-deepfake-generation-tools,"Unknown deepfake generation tools",80.77
unknown-deepfake-creator,"Unknown deepfake creator",unknown-deepfake-technology-creators,"Unknown deepfake technology creators",80.70
unknown-deepfake-creators,"Unknown deepfake creators",unknown-deepfake-technology-creator,"Unknown deepfake technology creator",80.70
unknown-ai-image-generators,"Unknown AI image generators",unknown-ai-generated-image-creators,"Unknown AI-generated image creators",80.70
facebook-users-interested-in-accessibility,"Facebook users interested in accessibility",facebook-users-interested-in-arts,"Facebook users interested in arts",80.65
unknown-large-language-model-developer,"Unknown large language model developer",unnamed-large-language-model-developer,"Unnamed large language model developer",80.65
victims-of-romance-scams-in-taiwan,"Victims of romance scams in Taiwan",victims-of-romance-scams-in-singapore,"Victims of romance scams in Singapore",80.65
victims-of-romance-scams-in-taiwan,"Victims of romance scams in Taiwan",victims-of-romance-scams-in-malaysia,"Victims of romance scams in Malaysia",80.65
university-of-north-carolina-at-wilmington,"University of North Carolina at Wilmington",university-of-north-carolina,"University of North Carolina",80.60
unknown-deepfake-technology-developers,"Unknown deepfake technology developers",unknown-deepfake-technology-creators,"Unknown deepfake technology creators",80.60
unknown-deepfake-technology-developers,"Unknown deepfake technology developers",various-deepfake-technology-developers,"Various deepfake technology developers",80.60
scammers-impersonating-google-employees,"Scammers impersonating Google employees",scammers-impersonating-google-staff,"Scammers impersonating Google staff",80.60
two-unnamed-middle-school-boys,"Two unnamed middle school boys",classmates-of-two-unnamed-middle-school-boys,"Classmates of two unnamed middle school boys",80.56
passengers-in-autonomous-vehicles-using-lidar,"Passengers in autonomous vehicles using LIDAR",drivers-and-passengers-in-autonomous-vehicles,"Drivers and passengers in autonomous vehicles",80.52
unnamed-18-year-old-manuel-belgrano-male-student,"Unnamed 18-year-old Manuel Belgrano male student",unnamed-manuel-belgrano-female-students,"Unnamed Manuel Belgrano female students",80.52
united-states-department-of-education,"United States Department of Education",united-states-department-of-education-financial-databases,"United States Department of Education financial databases",80.49
chinese-minority-groups,"Chinese minority groups",minority-groups,"Minority Groups",80.00
google-photos-users,"Google Photos users",google-photos,"Google Photos",80.00
instagram-users,"Instagram users",instagram-sellers,"Instagram sellers",80.00
instagram-users,"Instagram users",instagram-business-users,"Instagram Business users",80.00
ugandan-government,"Ugandan government",henan-government,"Henan government",80.00
thai-citizens,"Thai citizens",elder-thai-citizens,"elder Thai citizens",80.00
alexa-device-owners,"Alexa Device Owners",device-owners,"Device Owners",80.00
detroit-police-department,"Detroit Police Department",police-departments,"Police departments",80.00
proctorio,"Proctorio",proctoru,"ProctorU",80.00
women-of-sex-tech-conference-attendants,"Women of Sex Tech conference attendants",women-of-sex-tech-conference-organizers,"Women of Sex Tech conference organizers",80.00
researchers,"Researchers",duke-researchers,"Duke researchers",80.00
gender-minority-groups,"gender minority groups",minority-groups,"Minority Groups",80.00
tiktok-male-teenager-users,"TikTok male teenager users",tiktok-male-users,"TikTok male users",80.00
racial-minority-groups,"racial minority groups",minority-groups,"Minority Groups",80.00
youtube-content-creators,"YouTube content creators",content-creators,"Content creators",80.00
salta-teenage-girls,"Salta teenage girls",teenage-girls,"teenage girls",80.00
media-organizations-in-crimea,"media organizations in Crimea",media-organizations,"Media organizations",80.00
airplane-passengers,"Airplane Passengers",airline-passengers,"Airline Passengers",80.00
chicago-police-department,"Chicago Police Department",police-departments,"Police departments",80.00
honolulu-police-department,"Honolulu Police Department",police-departments,"Police departments",80.00
aurora-police-department,"Aurora Police Department",police-departments,"Police departments",80.00
male-facebook-users,"male Facebook users",black-facebook-users,"Black Facebook users",80.00
apple,"Apple",rappler,"Rappler",80.00
arkansas-department-of-human-services,"Arkansas Department of Human Services",australian-department-of-human-services,"Australian Department of Human Services",80.00
uk-drivers,"UK drivers",drivers,"Drivers",80.00
fast-enterprises,"Fast Enterprises",enterprises,"Enterprises",80.00
atlanta-police-department,"Atlanta Police Department",police-departments,"Police departments",80.00
chatgpt-users,"ChatGPT users",chatgpt-macos-users,"ChatGPT macOS users",80.00
henan-government,"Henan government",american-government,"American government",80.00
henan-government,"Henan government",iranian-government,"Iranian government",80.00
durham-police-department,"Durham Police Department",police-departments,"Police departments",80.00
koko-customers,"Koko customers",customers,"Customers",80.00
joe-rogan,"Joe Rogan",joe-rogan-fans,"Joe Rogan fans",80.00
randall-reid,"Randall Reid",randal-quran-reid,"Randal Quran Reid",80.00
unnamed-high-school-students,"unnamed high school students",aledo-high-school-students,"Aledo High School students",80.00
unnamed-high-school-students,"unnamed high school students",hingham-high-school-students,"Hingham High School students",80.00
dubuque-police-department,"Dubuque Police Department",police-departments,"Police departments",80.00
anonymous-pashto-speaking-refugee,"anonymous Pashto-speaking refugee",pashto-speaking-refugees,"Pashto-speaking refugees",80.00
chatgpt,"ChatGPT",chatgpt-4o,"ChatGPT 4o",80.00
llama,"LLaMA",llama-3,"Llama 3",80.00
llama,"LLaMA",llama-2,"Llama 2",80.00
government-of-japan,"Government of Japan",government-of-iran,"Government of Iran",80.00
bpo-companies,"BPO companies",companies,"Companies",80.00
zachariah-crabill,"Zachariah Crabill",zachariah-crabill's-client,"Zachariah Crabill's client",80.00
x-(twitter),"X (Twitter)",x-(twitter)-users,"X (Twitter) users",80.00
deepfake-website-operators,"Deepfake website operators",website-operators,"Website operators",80.00
general-public-in-india,"General public in India",general-public-in-thailand,"General public in Thailand",80.00
general-public-in-india,"General public in India",general-public-of-indonesia,"General public of Indonesia",80.00
unknown-deepfake-technology-developer,"Unknown deepfake technology developer",unknown-deepfake-technology-creator,"Unknown deepfake technology creator",80.00
gpt-4,"GPT-4",gpt-4.5,"GPT-4.5",80.00
organizations-using,"Organizations using",organizations,"Organizations",80.00
unknown-ai-developers,"Unknown AI developers",unknown-black-hat-ai-developers,"Unknown black-hat AI developers",80.00
unknown-ai-developers,"Unknown AI developers",unknown-llm-developer,"Unknown LLM developer",80.00
italian-general-public,"Italian general public",uk-general-public,"UK general public",80.00
organizations,"Organizations",media-organizations,"Media organizations",80.00
french-general-public,"French general public",uk-general-public,"UK general public",80.00
uk-general-public,"UK general public",alaska-general-public,"Alaska general public",80.00
microsoft-copilot-users,"Microsoft Copilot users",microsoft-copilot-developers,"Microsoft Copilot developers",80.00
google-gemini-users,"Google Gemini users",google-gemini,"Google Gemini",80.00
x-users,"X users",users,"Users",80.00
cody-enterprise,"Cody Enterprise",cody-enterprise-readers,"Cody Enterprise readers",80.00
employees,"Employees",wpp-employees,"WPP employees",80.00
microsoft-copilot,"Microsoft Copilot",microsoft-copilot-developers,"Microsoft Copilot developers",80.00
unknown-chatbot-developer,"Unknown chatbot developer",unknown-developer,"Unknown developer",80.00
ai-developers,"AI developers",llm-developers,"LLM developers",80.00
ai-models,"AI models",openai-models,"OpenAI models",80.00
zhang-mouguo,"Zhang Mouguo",zhang-moumou,"Zhang Moumou",80.00
police-departments,"Police departments",austin-police-department,"Austin Police Department",80.00
unknown-x-(twitter)-user,"Unknown X (Twitter) user",unknown-twitter-user,"Unknown Twitter user",80.00
ai-identity-theft-victims-in-china,"AI identity theft victims in China",identity-theft-victims,"Identity theft victims",80.00
tang-mou,"Tang Mou",yang-moumou,"Yang Moumou",80.00
yang-moumou,"Yang Moumou",wang-mou,"Wang Mou",80.00
yunnan-general-public,"Yunnan general public",sichuan-general-public,"Sichuan general public",80.00
hingham-high-school-students,"Hingham High School students",hingham-high-school,"Hingham High School",80.00
unknown-deepfake-tool,"Unknown deepfake tool",unknown-deepfake-apps,"Unknown deepfake apps",80.00
unknown-deepfake-tools,"Unknown deepfake tools",unknown-deepfake-app,"Unknown deepfake app",80.00
martin-luther-king-jr.,"Martin Luther King Jr.",family-of-martin-luther-king-jr.,"Family of Martin Luther King Jr.",80.00
unknown-deepfake-technology-apps,"Unknown deepfake technology apps",unknown-deepfake-apps,"Unknown deepfake apps",80.00
anonymous-sydney-area-high-school-students,"Anonymous Sydney area high school students",unknown-sydney-area-high-school-student,"Unknown Sydney area high school student",80.00
michigan-state-facial-recognition-system,"Michigan state facial recognition system",florida-state-facial-recognition-system,"Florida state facial recognition system",80.00
end-users-of-undisclosed-middle-eastern-ai-powered-cloud-call-center-platform,"End users of undisclosed Middle Eastern AI-powered cloud call center platform",undisclosed-ai-powered-cloud-call-center-platform,"Undisclosed AI-powered cloud call center platform",80.00
unidentified-deepfake-generation-tools,"Unidentified deepfake generation tools",unknown-deepfake-generation-tools,"Unknown deepfake generation tools",80.00
long-eaton-gallery,"Long Eaton Gallery",long-eaton-gallery-customers,"Long Eaton Gallery customers",80.00
general-public-of-italy,"General public of Italy",general-public-of-pakistan,"General public of Pakistan",80.00
general-public-of-germany,"General public of Germany",general-public-of-armenia,"General public of Armenia",80.00
general-public-of-germany,"General public of Germany",general-public-of-bermuda,"General public of Bermuda",80.00
general-public-of-malta,"General public of Malta",general-public-of-pakistan,"General public of Pakistan",80.00
gmail's-spam-filter,"Gmail's spam filter",yahoo!-mail's-spam-filter,"Yahoo! Mail's spam filter",80.00
gmail's-spam-filter,"Gmail's spam filter",laposte-mail's-spam-filter,"LaPoste Mail's spam filter",80.00
general-public-of-bolivia,"General public of Bolivia",general-public-of-nigeria,"General public of Nigeria",80.00
unknown-large-language-model,"Unknown large language model",large-language-models,"Large language models",80.00
large-language-models,"Large language models",unnamed-large-language-model,"Unnamed large language model",80.00
deepseek,"DeepSeek",deepseek-r1,"DeepSeek R1",80.00
deepseek,"DeepSeek",deepseek-ai,"DeepSeek AI",80.00
general-public-of-australia,"General public of Australia",general-public-of-nigeria,"General public of Nigeria",80.00
los-angeles-times,"Los Angeles Times",los-angeles-times-readers,"Los Angeles Times readers",80.00
scammers-impersonating-jin-dong,"Scammers impersonating Jin Dong",scammers-impersonating-the-irs,"Scammers impersonating the IRS",80.00
lookers-land-rover,"Lookers Land Rover",lookers-land-rover-customers,"Lookers Land Rover customers",80.00
general-public-of-texas,"General public of Texas",general-public-of-tromso,"General public of Tromsø",80.00
general-public-of-texas,"General public of Texas",general-public-of-turkey,"General public of Turkey",80.00
general-public-of-norway,"General public of Norway",general-public-of-nigeria,"General public of Nigeria",80.00
general-public-of-zambia,"General public of Zambia",general-public-of-nigeria,"General public of Nigeria",80.00